Final Country:,Institution,ID
UK,115th Leicester Scouts,583
UK,11th St Marylebone Scout Group,1345
UK,1st Bromley Al-Emaan Centre Scouts,1346
UK,1st Cathays Al-Huda Beavers,1347
Germany,1st Cathays Al-Huda Scouts - Germany,232
South Africa,1st Cathays Al-Huda Scouts - South Africa,391
UK,1st Cathays Al-Huda Scouts - UK,546
USA,1st Cathays Al-Huda Scouts - USA,843
UK,23rd West Lothian Alhuda,635
UK,30th Purley Scouts group,1273
UK,313th Scouts,547
UK,333MAFScouts,1348
Canada,7 peppers grill,1349
USA,7 Skies Junk Disposal,1049
Germany,7hills,276
UK,Abdullah Quilliam Society,1274
UK,Abertay Univeristy,1350
UK,Abertay Univeristy,471
UK,AC ISoc,1351
Qatar,Academic Bridge Program,1167
Germany,Adala e. V.,233
USA,Adelphi MSA - Farmingdale,705
USA,Adelphi MSA - Garden City,657
USA,Adelphi University,1352
Canada,AEM Marie-Victorin,1275
Qatar,AFG College with the University of Aberdeen,351
Canada,Afghan Student Association at York University,1276
USA,Afghan Student Association at York University MSA UCF,893
Germany,Afghanisch-Islamischer Kulturverein Wiesbaden,247
Germany,Afia (ambitionierte Förderung interkultureller Akademiker),1354
UK,Afifah High School,554
South Africa,Africa Unite,401
Germany,African Muslim Union Hannover e. V. (Masjid Taqwah),1355
Canada,Agincourt Collegiate Institute,70
UK,AGSB Islamix Society,1356
UK,AHMA Girls’ Group,562
Malaysia,Akademi Awesome Archery,325
Germany,Akhwat Germany & Seeds of Hope,182
USA,Akimusalat,816
South Africa,Al Azhar High School,395
Germany,Al Furqan e.V.,261
UK,Al furqan primary school,1358
Ireland,Al hikma girls,284
Qatar,Al Maha Academy for Boys,1359
Qatar,Al Maha Academy for Girls,1360
Canada,Al Muselimah,1277
Ireland,Al Qanitaat,302
UK,Al Rahma Masjid,1361
Ireland,Al Rahman Youth Group,310
Qatar,Al Rayyan International University (Stenden),366
Malaysia,Al-abrar,1363
South Africa,Al-Azhar High School,1364
USA,Al-Basha Market & Grill,1059
UK,Al-Furqan Primary School,541
USA,Al-Ghazaly Jr/Sr High School,801
USA,Al-Ihsan Academy,1365
Other,Al-Iman Youth,341
USA,Al-Mamoor School,759
USA,Al-Noor Academy,853
USA,Al-Noor school,785
Canada,Al-Raya,89
Canada,Al-Rijal,170
South Africa,Al-Saudi Bakery,433
Canada,Al-Taqwa Academy,1278
USA,Albert Einstein College of Medicine MSA,1366
Germany,ALC,183
UK,Alloa Madrasdah,589
South Africa,ALMAZ Projects and maintence,431
USA,Alpha Lambda Mu at Ohio State,990
Uganda,Alsalam Charity foundation,1368
UK,Altrincham & Hale Muslim Association,1369
UK,Altrincham Grammar School for Boys,506
UK,Altrincham Grammar School for Girls,513
UK,Alzaria Botanicals,613
USA,Amader Shopno,892
Canada,Amal Youth and Family Centre Inc.,165
Canada,Amalna,335
Germany,Amana Fragrances,1370
USA,American Muslim Medical Students Association NY/NJ,1371
USA,American University,1372
Other,American University of the Caribbean School of Medicine,339
USA,Amherst College Muslim Students Association,773
USA,AMMSA NY,745
USA,Amnesty International,1279
South Africa,AMR Youth,460
Canada,AMUS,33
UK,Anaqa Inspired,619
UK,Anglia Ruskin University,522
UK,Anglia Ruskin University (ARU) Chelmsford,1373
UK,Anglia Ruskin University (Chelmsford),491
Germany,Annur Moschee (JA.Com),1115
South Africa,Ansarul islam,456
Germany,Anwari Charity,1280
South Africa,APAX,410
UK,Archbishop Blanch School,1281
USA,Arizona State University MSA,807
USA,ARKanum Boston,830
UK,Armoured London,622
South Africa,ART FOR AID,428
Germany,ArtbyKlams,1153
USA,Artist Ummah,926
UK,Arup Connect Cultures Muslim Network,534
UK,Arwa Artwork,618
Germany,As-Salam Moschee,274
Canada,ASA at western University,1374
Germany,ASES,1282
South Africa,Aspire To Do More,390
Germany,Assalam Moschee Lübeck,252
Canada,Association des Ã©tudiants musulmans de l'UQAM,24
Canada,Association des Étudiantes et Étudiants Musulmans de l'Université Laval (AÉMUL) from Université Laval,1375
Canada,Association des étudiants musulmans de l'UQAM,1376
South Africa,Aswaatul Islam nasheed group,463
USA,At-Ghazaly Jr/Sr high school,1377
Germany,Atfalu Moon,1378
USA,AU MSA,808
South Africa,Auckland Park Learning Centre,404
USA,Auraria MSA,1379
Germany,Awliya Events,1380
South Africa,Azadville Muslim School,1381
South Africa,Azhar Fisheries and Take-aways,426
USA,Babson College,1262
Canada,BADR,1283
Canada,Bangladesh Students Association Utsc,1382
UK,Bangor Sisters in Islam,1383
Canada,Barakat Restaurant,1088
Canada,Barcelos,181
USA,Bard High School Early College Queens - Jackson Heights,1384
USA,Bard Highschool Early College Queens - Long Island City,1385
UK,"Barnet School, Girls",603
UK,Barnet schools,1386
UK,Barts and The London School of Medicine and Dentistry,1387
USA,Baruch College Muslim Student Association,1388
UK,Bath University Islamic Society,1389
USA,bay path university,866
USA,Baylor College of Medicine,947
USA,BBQ NITE,875
USA,BC MSA,1390
UK,BCU,1391
UK,BDO UK LLP,502
USA,Beacon of Wellness Alliance,956
Pakistan,Beaconhouse College Programme (BCP) North Campus,345
UK,Beauchamp City Sixth Form,1215
UK,Beauchamp College,623
Canada,Bedford Road Collegiate MSA,1393
UK,Belcan Engineering Services UK Ltd,1195
UK,Belfast Islamic Centre,1394
Qatar,Belgravia High School,1284
Germany,Believers of Hope,221
USA,Bellaire Muslim Student Association,1395
USA,Belmont University,974
USA,"Benedictine University (Lisle, IL)",1396
USA,Bentley University,1228
USA,Bergen County Academies,1397
South Africa,Big Boy Wierda Park,447
Germany,Bildungs- und Begegnungsverein Freiburg,265
South Africa,Bishops Diocesan College,1398
UK,Blackstones Estates,595
USA,Bladi brew,874
South Africa,Bloemfontien Womens Forum,388
South Africa,Blondies and brownies,464
UK,Bon cafe Liverpool,628
Canada,Booza emessa,1400
Malaysia,BORA ON THE STREET,316
Germany,Bosniakisch-Deutsche Gemeinde Karlsruhe e.V.,1285
Germany,Bosnische Moschee Kirchheim,1286
USA,Boston College MSA,881
USA,Boston University,1402
USA,Bowdoin College,1403
USA,Bowdoin College MSA,1003
UK,BPP Islamic Society,1404
USA,Brandeis University,1405
USA,Bridgewater State University Muslim Student Association,1406
Qatar,Bright Future International School,1169
UK,Bright Stars Nursery,545
USA,Brighter Horizons Academy,1407
UK,Bring Grit  Coaching,611
Canada,Brock Muslim Students Association,1408
USA,Brockport Muslim Students Association,1409
UK,Brondesbury College for Boys,592
UK,Brondesbury Girls,604
USA,Brooklyn College,1410
USA,Broward College Central Campus,1411
USA,Broward College North Campus,775
USA,Brown University,912
UK,Cadbury Sixth Form College,1212
Germany,Café Türkis,1149
USA,Cal Poly Pomona MSA,1412
USA,Cal State Fullerton,1413
USA,California State University of Los Angeles,1414
UK,Cambridge University Islamic Society,1415
Canada,Campbell Collegiate,86
Canada,Canada Palestine Cultural Association,1105
Canada,Canadian Global Care on Campus,1416
Canada,Cancer Care Association,1417
USA,Canisius University,835
UK,Cann Hall Masjid,1418
Canada,Cape Breton University,158
UK,Capgemini,1419
Canada,Capilano University,172
UK,Cardinal Newman college,1420
USA,Cardozo HS MSA,654
Canada,Carleton University Muslim Students' Association,1089
USA,Carnegie Mellon University MSA,726
UK,Cattle and smoke,630
USA,CCNY Muslim Student Organization,1421
Canada,Centennial College,1110
USA,Center DC,877
USA,Central Connecticut State University MSA,1422
Canada,Centre Islamique de Rimouski,176
Canada,Centre SALEM,1287
Canada,Champlain College Saint-Lambert,1084
USA,Chapman,776
Germany,Charity Girls,1116
Other,Charity Girls,1116
Germany,Charity Nour,1117
Germany,Charity Week Kids,277
Canada,Charles P. Allen High School Muslim Student Association,151
USA,Chatham University,1038
USA,Chatham University MSA,1038
UK,Cheadle Masjid,557
USA,Chicago Math and Science Academy,1066
USA,Children of Adam,1424
USA,chUNC Cookies,748
Canada,CID,1425
USA,Cinegroove,1010
Canada,Circle kiwanis international uofc,58
UK,CISA,1426
USA,Clark University,1263
USA,Clemson MSA,906
USA,Cleveland State University Muslim Student Association,1427
Ireland,CMI - Confident Muslims Ireland,299
Qatar,CMUQ,1428
Germany,Coexist e.V.,244
USA,College of Staten Island,1430
USA,Collin College MSA,1431
USA,Columbia Graduate Muslim Student Association (GMSA),1005
USA,Columbia Mailman School of Public Health,1432
USA,Columbia University,1222
USA,Columbia University (CUIMC),736
USA,COMET Houston,887
Germany,commonsplace.de,280
Qatar,Community College Qatar (CCQ),1433
Canada,Community Engagement Project (CEP),1103
UK,Complete property care Liverpool ltd,627
South Africa,Continental Take-aways,425
USA,Cooper Union Muslim Student Association,1434
USA,Cornell University,1219
Canada,Council of Muslim men at St-Laurent,57
UK,Coventry University ISOC,508
USA,CPP MSA,938
South Africa,CPUT Bellville MSA,419
Germany,Creating Charity,1118
Pakistan,Credo College,342
Pakistan,Credo School,344
UK,Crème De La Capture,620
Canada,Crescent Heights High School MYC,1435
USA,CSUF MSA,672
USA,Csunmsa,689
USA,CU Boulder MSA,685
Qatar,CUC-Ulster,1437
USA,CUNY Baruch College - NYC,668
USA,CUNY Baruch College - Queens,1043
USA,CUNY Baruch College - Yonkers,1071
USA,CUNY Brooklyn College,750
USA,CUNY City College of New York - Manhattan,663
USA,CUNY City College of New York - Ridgewood,976
USA,CUNY College of Staten Island MSA,660
USA,CUNY Lehman College - Bronx,684
USA,CUNY York College,1226
South Africa,Cupboards on Call,438
Malaysia,CW Official - Malaysia,324
USA,Cypress Bay high school,1034
Canada,Dalhousie Muslim Student Association,1439
Canada,Dalhousie Palestinian Society,1288
Canada,Dalhousie’s African Students’ Association,1440
USA,Dallas Muslim Running Club,1289
South Africa,Dar at Ta'aawun,451
South Africa,Dareena Hijabs,432
USA,Dartmouth College,789
UK,Darul-Ilm Chatham,498
Malaysia,Darwish Clan,1166
USA,Davidson College's Muslim Students Association,989
USA,DawnofDozo (Cardozo High School MSA),1441
Canada,Dawson College,1079
UK,DB Muslim Network,579
USA,DC Muslim Youth,975
Germany,Deen Brothers Comunity,1442
Germany,Deen Education,260
Canada,Deen/Dunya,1443
Ireland,DeenvsDunya,1444
South Africa,Delta Superette,1445
USA,DePaul UMMA,1011
Germany,Deutsches Muslimisches Zentrum Berlin,1148
Germany,Die Brücke,1446
USA,Digital Dominance and The Tech Guys,1447
Germany,Ditib Gifhorn Gençlik,251
Germany,Ditib Kocatepe camii Garbsen,1448
UK,DMU ISOC,1449
USA,Dominion MSA,1261
South Africa,Donating dreams,1290
USA,Donut Booths LLC,962
Canada,Douglas College,1108
Canada,Dover Bay Secondary School,154
Germany,Dr. Hatun,1291
USA,Drexel University,1450
Ireland,Dublin Business School,306
Ireland,Dublin City University ISOC,286
USA,Duke University Muslim Student's Association,1452
Ireland,Dundalk Institute of Technology,301
UK,Dundee University Islamic Society (DUIS),1453
USA,Dunya Association,1454
USA,Duquesne University,1455
UK,Durham University Islamic Society,1456
USA,Eastern Connecticut State University,941
USA,Eastern Michigan University MSA,720
UK,Eastwood High School,640
UK,Easy real estate,629
UK,Edge Hill University,1182
UK,Edinburgh Napier University,533
South Africa,Educators care,1292
South Africa,Eduvos,443
Canada,Egyptian Student Association,129
USA,El Camino Community College,1459
Germany,El Iman Moschee,1141
USA,Elkins High School Muslim Student Association,959
USA,Emory University,996
South Africa,Engage Math,385
UK,Engineering Muslim Network,600
Canada,Ernest Manning High School MYC,1460
USA,Everglades High School MSA,897
Canada,Ex.director@bilalcommunitycentre.ca,163
UK,Exeter Mosque and Cultural Centre,1462
Germany,Fachschaft Zentrum Islamische Theologie Münster,1119
Canada,Fades By Jazz,145
USA,Fairleigh Dickinson University - Teaneck,1463
USA,Fairleigh Dickinson University Florham MSA,1464
UK,Faith Space UK,1200
USA,Fajr Circle,946
Canada,Falafel King,1293
Germany,Falah e.V.,1151
Malaysia,Family Hauk,322
USA,Farmingdale State College MSA,1465
USA,Fashion Institute of Technology,683
Germany,Fatayat,1162
South Africa,Fatima Nanabhay,1467
USA,FAU MSA,834
USA,FDU Metro MSA,813
USA,FDU MSA Florham,831
Germany,Ferdaus Seifie Charity e.V.,243
Germany,Ferdaus Seifie Charity e.V. & Seeds of Hope,1294
UK,Finsbury Park Mosque,1468
USA,FIU MSA - Florida,852
Canada,Fleetwood Park MSA,68
USA,Florida Atlantic University,1469
USA,Florida International University,1470
USA,Fordham University,1471
USA,Fordham University Lincoln Center,1472
USA,Fordham University MSA,712
Canada,Forest Lawn High School Muslim Youth Club,125
Germany,FRA UAS,1295
Germany,Frankfurter Schwesterntreff,1296
USA,Fresno State Muslim Student Association,1473
USA,Furdose,1060
Germany,Fursa,1155
South Africa,Fusion Inyameko Foundation,411
USA,Fusion Muslim Community Center of North Jersey,788
USA,George Mason University,1474
USA,Georgetown MSA,842
USA,Georgetown University,1475
Qatar,Georgetown University Qatar,1476
USA,Georgia Institute of Technology,803
USA,Georgia State University,771
USA,Glamabayasss,1044
UK,Glasgow Caledonian University,593
UK,Glasgow School of Art Muslim Student Association,582
UK,Glasgow University Muslim Student Association,1477
Canada,Glendon Campus York U,1478
Qatar,Global Studies Institute,376
USA,GMU MSA,950
Uganda,GOODWILL HUMANITARIAN ASSOCIATION,1479
USA,Google,1480
USA,Google Community Group,1481
USA,Googlers,1039
UK,Gower College Swansea Islamic Society,1482
UK,Grant Thornton Muslim Network,528
Ireland,Growing Up Muslim,304
UK,GT Muslim Network,1483
Canada,Guildford Park,115
USA,GWU MSA,945
Pakistan,Habib University,348
South Africa,Habibia Archery Club,1173
South Africa,Habibty Halaqah,1297
USA,Halal Heels,696
Canada,Halaqa Nour Al-Islam,1485
USA,Hamilton College,1040
UK,Hamilton Grammar School,637
UK,Hamilton Islamic Centre,1486
UK,Hampshire Hospitals Foundation Trust,571
USA,Haqq Publications,725
USA,"Harriet L. Wilkes Honors College at Florida Atlantic University (located at Jupiter, FL)",1487
USA,Harvard Islamic Society,1269
UK,Hayaa the label ltd,625
South Africa,Healthconnect Cares,402
Germany,Heart for Humanity,259
Uganda,Heaven charity organization,1488
South Africa,Help Foundation,400
Canada,Henry Wisewood High School MYC,1489
UK,Heriot-Watt University,511
UK,Heritage Academy,1209
USA,Herndon High School MSA,1021
South Africa,Herschel Girls school,1492
Germany,HICRA,190
Germany,HICRA (ehemals DMS),1493
USA,Hidayah Academy,1298
USA,High Point University,755
South Africa,Hiking with a Purpose,398
USA,Hillcrest Muslim Student Association,872
UK,Hillhead High School,642
USA,Hillside Islamic Center,1271
USA,Hofstra MSA,1495
Germany,Hopeful Hands,254
USA,Howard University,1237
UK,Hujjat Primary School,573
UK,Hull Jame Masjid,1496
UK,Hull Mosque & Islamic Centre,1208
Germany,HUMA,1161
USA,Hunter College,1221
Canada,Hussaini Youth Council,1299
Germany,"i,slam e.V.",264
USA,IACC Taqwa Seminary,1300
USA,Icahn School of Medicine at Mount Sinai,802
Ireland,ICCI Girls Youth Group,1497
USA,ICLI Youth,1013
Canada,ICO Alimiyyah,1498
Ireland,ICOT College,293
Ireland,IFI Dublin Mosque,307
Germany,IG Stuttgart,1120
Germany,IHG Flensburg,1142
Germany,IHV Bonn,1121
Germany,IIS Moschee Frankfurt,237
Germany,IJB e.V.,1122
UK,Ilford county high school,584
USA,Illinois Institute of Technology,1270
UK,Imperial College London Islamic Society,1500
Germany,IMSU Aachen e.V.,220
Malaysia,IMU University,328
Germany,Inaarah,1157
Malaysia,Incredible Hearts PLT,1501
USA,Independence High School,1301
Germany,INISA Kaftani,1123
Germany,Inkishaaaf,228
UK,Insurance Muslim Network,1302
South Africa,IR Jhb Core,397
UK,IR Liverpool Community,555
South Africa,IR volunteers durban,1502
USA,Irvine Valley College,729
USA,iSchool High at University Park,1056
Canada,Islam Relief at Queen's University (IRQU),1503
USA,Islamic Association of Allen,1303
USA,Islamic Association of Lewisville and Flower Mound (IALFM),1504
USA,Islamic Association of Raleigh,1017
USA,Islamic Center of Coppell,1258
USA,Islamic Center of Fayetteville,1064
USA,Islamic Center of Frisco,913
USA,Islamic Center of Greater Cincinnati,821
USA,Islamic Center of Johnson County Youth Department,1041
USA,Islamic Center of New England,1230
USA,Islamic Center of Staten Island,1015
USA,Islamic Center of Weston,869
Canada,Islamic Community Center of Brossard,1082
Ireland,Islamic Cultural Centre of Ireland Youth Group,292
Canada,Islamic Dawah Society,1506
USA,Islamic Foundation of South Florida,1507
South Africa,islamic helpline,1508
South Africa,Islamic Peace college of South Africa,465
Canada,Islamic Relief  club at the University of Windsor,92
Canada,Islamic Relief - Canada,1510
South Africa,Islamic Relief - South Africa - Durban,1511
South Africa,Islamic Relief - South Africa - Johannesburg,1509
USA,Islamic Relief @ UB,679
Canada,Islamic Relief at Carleton University,1087
Canada,Islamic Relief at Dalhousie,1101
Canada,Islamic Relief at Dawson College,52
Canada,Islamic Relief at Ontario Tech University,1109
UK,Islamic Relief at Queen's University,1512
Canada,Islamic Relief at Toronto Metropolitan University,72
Canada,Islamic Relief at Trent University,1513
Canada,Islamic Relief at University of Alberta,3
Canada,Islamic Relief at UofT St. George,1102
USA,Islamic Relief at UT Dallas,665
Canada,Islamic Relief at Vanier College,67
Canada,Islamic Relief at York University,1076
UK,Islamic Relief Charity Shop Cardiff,518
UK,Islamic Relief Charity Shop Newport,519
Canada,Islamic Relief Citadel,149
Canada,Islamic Relief Concordia,21
Canada,Islamic Relief CPA,1107
Germany,Islamic Relief Deutschland,1514
UK,Islamic Relief East Midlands,598
South Africa,Islamic relief East Rand,1515
Canada,Islamic Relief Halifax West,150
South Africa,Islamic Relief JHB,1516
Canada,Islamic Relief John Abbott College,23
UK,Islamic Relief Liverpool community,1517
South Africa,Islamic Relief Newcastle,396
UK,Islamic Relief North East + North East Troopers,587
Canada,Islamic Relief Regional Team Halifax,1099
Canada,Islamic Relief Regional Team Newfoundland,76
Canada,Islamic Relief Regional Team PEI,1100
Canada,Islamic Relief Regional Team Winnipeg,153
South Africa,Islamic Relief Rylands,406
Canada,Islamic Relief SMU - Canada,83
South Africa,Islamic Relief South Africa - Cape Town,1176
South Africa,Islamic Relief south Africa - Johannesburg,1177
Canada,Islamic Relief UCalgary,43
UK,Islamic Relief Uk North East & Yorkshire Troopers,1518
USA,Islamic Relief University of Texas at Dallas,1519
Canada,Islamic Relief UOttawa,1086
Canada,Islamic Relief USask,1092
Canada,Islamic Relief UTM,66
UK,Islamic Relief West Midlands,590
South Africa,Islamic Relief Witbank,1520
UK,Islamic Relief Worldwide,641
Canada,Islamic Relief: UTSC Chapter,1521
USA,Islamic school or Rhode Island,1522
UK,Islamic Society at University of Warwick,1523
USA,Islamic Society of Boston Sunday School,1232
USA,Islamic Society of Boston Universit,845
USA,Islamic Society of Denton,1524
USA,Islamic Society of Northeastern University,669
USA,Islamic Society of Western Massachusetts,762
UK,Islamic Students Network,1525
Germany,Islamisch Albanisches Zentrum Sindelfingen Böblingen,281
Germany,Islamisch-Albanisches Zentrum e.V. & Qendra Islame Shqiptare Stuttgart,195
Germany,Islamische Hochschulgemeinde Frankfurt,234
Germany,Islamische Hochschulgemeinde Hamburg (IHG Hamburg),253
Germany,Islamische Hochschulgemeinde Lübeck,1124
Germany,Islamische Hochschulgemeinschaft Wuppertal,1125
Germany,Islamische Hochschulvereinigung Hannover (IHV),1304
Germany,Islamische Hoschschulgruppe Kiel,1526
Germany,Islamische Jugend Aachen e.V.,219
Germany,Islamische Zentrum Frankfurt (IZF) Schwestern Halaqa,258
Germany,Islamischer Hochschulbund Dresden,1145
Germany,Islamisches Zentrum für Albaner e.V.,1527
Canada,Island Peace Community,167
Canada,ISNA Elementary school,62
Canada,ISNA Schools,1528
Canada,ISO Assistenten / The A-Team - Canada,81
Germany,ISO Assistenten / The A-Team - Germany,1529
USA,ISRA Foundation,817
Germany,IZM Jugend,279
Canada,Jack.Org UCalgary,135
USA,Jamaat uI Muttaqeen,1006
USA,Jamat ibadarrahman,809
Canada,James Fowler High School MYC,1530
USA,James Madison University’s MSA,1531
Germany,Jamia Masjid Ghousia,1126
USA,JCCC muslim student association,985
South Africa,Jewelled by Thaakirah,440
USA,JHUMA,822
UK,JLR,1532
USA,JMC Masjid,698
Canada,John Abott College Muslim Student Association,1533
USA,John Carroll University,721
Canada,John G Diefenbaker MYC,180
USA,John Jay College of Criminal Justice,1535
USA,John Jay MSA,650
USA,Johns Hopkins University,1536
USA,Johnson & Wales MSA,741
Canada,Johnston Heights MSA,1537
Malaysia,JPP JKE PSA,332
UK,Juices4life,609
South Africa,Junior Achievers,1305
Canada,Karavan Premium Meats,1306
UK,KD Grammar,552
USA,Kean University,1539
UK,Keele University,1307
Malaysia,Kelab Rakan Siswa UIS,1540
Malaysia,Keluarga Hauk,1541
USA,Kennesaw State University,782
USA,Kerr MSA,903
Germany,KGT Hannover,1542
USA,Khairandbarakah,1045
South Africa,Kid’s Cabin,418
UK,King's College London,1543
UK,Kingston University,509
UK,KPMG Muslim Network,564
Canada,KPU MSA,1308
USA,Krave It Cafe,1050
USA,KU MSA 2023,819
South Africa,Kumon Maths,448
Canada,Kwantlen park MSA,1075
Canada,L.A. Matheson Secondary School,16
Malaysia,La Familia,1309
Pakistan,Lahore University of Management Sciences,349
USA,Lake Erie College of Osteopathic Medicine at Elmira,882
South Africa,Lakewood conference centre,429
South Africa,Lakewood International Academy,436
Canada,Lama creations,1545
USA,Lamar High School MSA,902
UK,Lancaster University Islamic Society,1546
USA,Lane Tech Muslim Student Association,997
Canada,Langara College,1106
Germany,Laratta & Can GbR,1310
Canada,Le Collège Français,160
South Africa,Le Kremery,393
Malaysia,Learning League,327
Canada,Leaster B Pearson High School MYC,1547
Canada,Lebanese Student Association,101
USA,LECOM AMMSA,943
UK,Leeds Beckett University ISOC,575
UK,Leeds Muslim Medics,1548
UK,Leeds Muslim Medics + Bengali society,570
UK,Leeds Trinity Isoc,486
UK,Leeds Trinity University Islamic Society,1549
USA,Lehigh University,981
USA,Lehman College Women In Islam,1550
Canada,Leslie Dan Faculty of Pharmacy,173
USA,LFC Muslim Students Association,885
Canada,Lift Lab Wellness Studio,142
USA,Lincoln Memorial University Debusk College of Osteopathic Medicine,1551
South Africa,Little Folks Nursery School,394
USA,LIU Brooklyn MSA,1553
UK,Liverpool Hope University,539
Qatar,Liverpool John Moores University - Qatar,1555
UK,Liverpool John Moores University - UK,529
UK,London Academy of Excellence (Stratford),1557
UK,London Metropolitan University,1202
UK,London South Bank University,474
USA,Long Island University,1558
UK,Loughborough university isoc,1559
USA,Loyola Muslim Student Association,1560
UK,LSBU Isoc,1561
UK,LSE ISOC,1562
USA,LSU MSA,728
South Africa,Luxe Eatery,466
Canada,MacEwan University,116
South Africa,Madina Institute,1174
South Africa,Madina Institute - South Africa,387
USA,Madinatul Uloom Institute,890
UK,Maedah Grill,561
Canada,Malaysian Singaporean Students’ Association (UofC),128
USA,Malden Islamic Center Youth - Girls,1563
Canada,Mama khan,20
UK,Manchester Islamic Grammar School for Girls,1205
UK,Manchester Muslim Preparatory School,1564
USA,Manhattan Center for Science and Mathematics MSA,1008
USA,Manhattan University,1004
Canada,Manitoba Islamic Association - Winnipeg,87
Germany,Marburger Muslime e.V.,1311
Germany,Maria e.V.,1127
Canada,Marianopolis MSA,1565
USA,Marist College,1566
USA,Marist MSA,686
USA,Marjory Stoneman Douglas High School MSA,896
Malaysia,Markas FRD,331
Canada,Markaz-Ul-Islam fort McMurray,1113
USA,Marshall University,832
USA,MAS Boston,951
USA,MAS Dallas,1568
USA,MAS Detroit,839
USA,MAS Queens,711
USA,MAS Sheepshead Bay,1058
USA,MAS Staten Island Center,829
USA,"Masjid Al-Huda of Kingston, Rhode Island",928
USA,Masjid Al-Kareem,1259
USA,Masjid Al-Rahman - Providence,1882
USA,Masjid Al-Rahman Pawtucket RI,724
USA,Masjid Ar-Rahman - Dallas,1883
USA,Masjid Ayesha,846
South Africa,Masjid ebrahim,435
USA,Masjid Jamaat Al Mumineen-MJAM,871
UK,Massachusetts Institute of Technology,1264
USA,Massachusetts Institute of Technology,1264
Canada,Maxwell Heights Secondary School,1569
South Africa,Mayfair Montessori,1172
Ireland,Maynooth university,1164
USA,Mcarthur High School,1570
Canada,MCC Manitoba Youth Club,166
USA,MCC: Muslim Community Center,1571
USA,McGovern Muslims in Medicine,1245
Canada,McMaster Islamic Relief,1094
USA,McMillen MSA - Murphy,1884
USA,McMillen MSA - Plano,1885
USA,MDC MSA,958
USA,MDQ Academy,952
UK,Medology,1189
UK,Medway Islamic Society,472
UK,Medway ISOC,1572
USA,Meharry Muslim Student Organization,1052
USA,Melior Discovery,1573
USA,Memorial High School,931
USA,Mercy University MSA,1053
USA,Meredith MSA,944
UK,Mfittswim,621
USA,MGM Youth Group,889
UK,MGS Islamic Society,1575
Germany,MGU Frankfurt,201
South Africa,MHF,455
Germany,MHG Dortmund,1128
Germany,MHG Göttingen,1129
Germany,MHG Jena,1158
Germany,MHG Konstanz,222
Germany,MHG Mainz,1130
Germany,MHG Osnabrück,269
Germany,MHG OvGU Magdeburg,1144
Germany,MHV e.V (muslimischer Hochschulverein),1577
Germany,MHV Köln e.V.,205
Germany,MHV Ravensburg-Weingarten,275
USA,Miami Dade College,1578
USA,Miami University,1579
USA,Miami University Oxford MSA,838
USA,MIC youth program,911
USA,Michigan State University MSA,752
Canada,Middle and Highschool MSAS,71
USA,Middle East Refugee Aid,972
USA,Middle Tennessee State University,792
USA,Middlesex MSA,713
UK,Middlesex University London,536
Qatar,MIE Pune University,364
Qatar,MIE-SPPU,1582
USA,Miftaah Institute,879
South Africa,Miles of smiles,1583
UK,Mini and Mama books,614
USA,MIST Carolina,747
Germany,MJD eV,1584
South Africa,MOCHACHOS ROSEBANK,422
USA,Modesty haven,1067
South Africa,Moez Fusion,457
USA,Moka & Co,1029
USA,Mokafe,1028
USA,Molloy Muslim Student Association,756
USA,Monroe community college,743
USA,Montclair State University Muslim Student Association,768
Canada,MOSAIC UCalgary,1095
UK,Moseley school,1585
Canada,Mosquée Al-Ansar,1586
Canada,Mosquée Tawuba,1096
Canada,Mount Allison University,175
USA,Mount Holyoke College MSA,1065
Canada,Mount Royal University MSA,1091
Germany,MS HEILBRONN,1131
USA,MSA - Colorado Fort Collins,1589
USA,MSA - U of L Louisville,1588
Canada,MSA - University Laval,27
USA,MSA - UT Austin,1726
USA,MSA @UC San Diego,770
Canada,MSA at Bishop's university,1313
USA,MSA at Johnson & Wales University,1590
USA,MSA at Pitt,727
USA,MSA at UC Davis,1018
USA,MSA at University of Illinois Urbana-Champaign,1591
USA,MSA at University of Texas at San Antonio,1592
Canada,MSA Campbell Collegiate,1593
South Africa,MSA CPUT D6,377
South Africa,MSA CPUT Mowbray,417
USA,MSA CSULB,927
South Africa,MSA DFC,1594
Canada,MSA John Abbott College,25
USA,MSA LSC,1255
USA,MSA of Urban Assembly School for Leadership and Empowerment,840
USA,MSA OSU,716
South Africa,MSA Tuks,379
South Africa,MSA Tygerberg,415
USA,MSA UCR,1025
South Africa,MSA UCT,1314
South Africa,MSA UJ APK,382
Canada,MSA University of Guelph,1596
Canada,MSA UofA,36
South Africa,MSA UWC,378
Canada,MSA Vanier College,164
South Africa,MSA-UJ,1598
Germany,MSG Heidelberg,1315
Germany,MSG Uni Hohenheim,1599
USA,MSU UCI,1024
USA,MSUMSA,1600
Germany,MSV Karlsruhe e.V.,209
USA,Mt Sac,1601
Ireland,MTU Kerry Islamic Society,1602
Germany,MUMM Muslime der UMM Mannheim,1604
Ireland,Munster Technology University,300
Germany,MUSA - Muslimische Studierende und Akademiker Trier,1146
Germany,MÜSIAD Berlin e.V.,1605
USA,Muslim American Society of Queens,1606
USA,Muslim Artists of North Carolina (MANC),915
Canada,Muslim Association of the University of Montreal,1077
USA,Muslim Boxing Club,1316
Canada,Muslim Children's Aid Support and Services,1317
Germany,Muslim Community Leuphana,236
Germany,Muslim group Berlin-Brandenburg,255
Canada,Muslim Medical Association of Canada University Laval Chapter,148
USA,Muslim Medical Association/Galveston Islamic Center,798
Ireland,Muslim National School,312
UK,Muslim Network Ocado,574
Canada,Muslim Student Advisory Committee (MSAC),1607
USA,Muslim Student Association,833
USA,Muslim Student Association,914
USA,Muslim Student Association - California State University Long Beach,1886
Canada,Muslim Student Association - Ontario Tech University,1887
South Africa,Muslim Student Association - Pietermaritzburg,1608
USA,Muslim Student Association @ Southern Methodist University,1609
USA,Muslim Student Association at Cal State San Marcos,1022
USA,Muslim Student Association at Carnegie Mellon University,1610
USA,Muslim Student Association at Louisiana State University,1611
USA,Muslim Student Association at University of Kentucky,1612
USA,Muslim Student Association at UVA,1613
Canada,Muslim Student Association at UVic - Canada,133
South Africa,Muslim Student Association at UVic - South Afrida,380
USA,Muslim Student Association Midwood High School,824
USA,Muslim Student Association of Central Michigan University,1614
Canada,Muslim Student Association of Concordia University,41
USA,Muslim Student Association of Guilford,758
South Africa,Muslim student association Potchefstroom,1615
USA,"Muslim Student Association University of California, Riverside",1616
Canada,Muslim Student Assosiation (MSA) of Concordia University,1617
USA,Muslim Student Union at the University of Southern California,1618
USA,Muslim Student's Association at Arizona State University,1619
Canada,Muslim student’s association Sheridan college,1620
Canada,Muslim Students Association at SAIT,47
Canada,Muslim Students Association of the University of Calgary,2
South Africa,Muslim Students Association of the University of Calgary,381
Canada,Muslim Students Association of Thom Collegiate,147
South Africa,Muslim Students Association UWC MSA,1621
Canada,Muslim Students Club - UFV,1318
Germany,Muslim Students of Charité,1319
Canada,Muslim Students Organization at Macewan University,1622
Canada,Muslim Students’ Association,1623
Canada,Muslim Students’ Association at SAIT,1624
USA,Muslim Students' Association at WVU,1625
Canada,Muslim Students’ Association of the University of Calgary,1626
Canada,"Muslim Students’ Association, Wilfrid Laurier University",1627
UK,Muslim Union (UOG),1628
UK,"Muslim welfare house ,Assunnah Centre",1629
USA,Muslim Youth of Rhode Island (MYRI),1630
USA,Muslim Youth of San Diego,1272
UK,Muslim Youth Professionals,1207
Canada,Muslimah Empowered Chapter,144
Canada,Muslimah in Sports Society UCalgary,26
Germany,Muslimische Hochschulgruppe UIm,1132
Germany,Muslimische Hochschulgruppe Ulm,1132
Germany,Muslimische Jugend Berlin,1143
Germany,Muslimische Jugend Hannover,1320
Germany,Muslimische Medizinstudierende Homburg,1152
Germany,Muslimische Studierenden Gruppe Freiburg,218
Germany,Muslimischer Hochschulbund Bremen,278
Germany,Muslimischer Studentenverein Karlsruhe e.V.,1632
UK,Muslims Community @ Capgemini (employee led),1633
USA,Muslims Students Association - Clemson,1634
UK,Muslims@Capgemini,493
Malaysia,MyCorps Alumni,319
USA,NABIC,1042
South Africa,Nadeem Razaak Attorneys,458
UK,Napier Islamic Association,1635
South Africa,Naseerah mia,449
Germany,Nasiha,1133
UK,NatWest Group,516
USA,Nazareth University,1002
South Africa,Nb Hassim Family,467
USA,NEIU MSA,937
Canada,Nelson Mandela High School MYC,1636
Canada,New Doors for Newcomers,48
USA,New Jersey city university,1637
USA,New York City College of Technology MSA,888
USA,New York Institute of Technology,1220
USA,New York Institute of Technology - Glen Head,661
USA,New York Institute of Technology - Manhattan,670
USA,New York University,704
UK,Newcastle University,527
Canada,NJ’s Kitchen,156
USA,NJIT MSA,934
UK,Noor Nursery Books,615
UK,North Barnet ISOC,606
USA,North Carolina State University,1251
UK,North Cestrian,605
Canada,North Trail High School MYC,1640
Canada,North Trail Muslim Youth Club,134
UK,Northampton Islamic Society,1641
USA,Northeastern Illinois University MSA,1642
USA,Northeastern University,1643
USA,Northern Virginia Community College - Annandale Campus,1644
USA,Northern Virginia Community College - Herndon,1888
USA,Northern Virginia Community College Loudon MSA,719
Qatar,Northumbria Qatar,1645
UK,Northumbria University ISOC,1646
UK,Northumbria University Newcastle,639
Qatar,Northwestern University Qatar,368
UK,Notre Dame High School Glasgow,1649
USA,Nova High School MSA,898
USA,NOVA MSA - Manassas Campus,1001
USA,NoVA Sisters Network,1267
USA,Nova Southeatern University,1651
USA,NSU MSA,751
Germany,NSV e.V. (women),1652
UK,NTU Islamic society,1653
USA,Nueces Mosque,1254
USA,NVCC Annandale MSA,968
USA,NY Cricketers,1007
USA,NYITCOM MSA,681
USA,NYU MSA,1655
USA,NYUCD MDA,697
Canada,OCAD,1656
USA,OCC MSA,1033
UK,Octopus Energy Muslim Network (Employee Led),580
Germany,OG Paderborn,263
USA,Ohio State University Muslim Student Association,1657
USA,Oklahoma state university,1016
Canada,Ontario Tech University,179
USA,Orange coast college,1658
Qatar,Oryx Universal College in partnership with Liverpool John Moores University,354
Germany,Our Sisterhood Germany,242
UK,Oxford Brookes University,1322
South Africa,Paarl Muslim jamaah,408
USA,Pace University,1229
Germany,Pädagogische Hochschule Ludwigsburg,282
UK,Pakistan Society - Bradford,1659
USA,Pakistan Student Association - Denton,1660
Canada,Pakistani Students Association - University of Alberta,178
Germany,Pakistani Students Association Bonn,267
Canada,Pakistani Students Society at University of Calgary,99
Canada,Pakistani Students' Association - MUN,140
Canada,Palestine Advocacy Club SAIT,50
South Africa,Park Fashions,454
USA,pembroke pines charter west middle,1661
USA,Penn State College of Medicine,1247
Germany,Peonia Arts,1154
Malaysia,Persatuan Belia Harmoni Universiti Kebangsaan Malaysia,323
Malaysia,Persatuan Luncur Udara Malaysia,1165
Malaysia,Persatuan Mahasiswa ICEPS Melaka,315
USA,PESH MSA,899
USA,Pillars Preparatory Academy,1239
Canada,Pioneer youth program,10
USA,Plano East Senior High Muslim Student Association,1662
UK,Plymouth ISOC,1663
Qatar,Podar Pearl School,355
USA,Pompano Beach High School,1665
UK,Portsmouth University,1197
South Africa,Potchefstroom Islamic Academy,420
USA,Potomac Falls High School MSA,1666
UK,PricewaterhouseCoopers,1667
UK,Prince Albert School,556
USA,Princeton University MSA,924
Malaysia,PUSPANITA CAWANGAN KEMENTERIAN PENDIDIKAN MALAYSIA,330
USA,Qalam Institute,1669
South Africa,Qalbun Saleem (QS) Modest,413
Qatar,Qatar Academy for Science and Technology,374
Qatar,Qatar International School,1171
Qatar,Qatar University,1168
Germany,Qendra Islame Shqiptare Stuttgart,1671
Canada,Queen Elizabeth Secondary School,17
UK,Queen Elizabeth's School,608
UK,Queen Margaret University,1201
UK,Queen Mary University of London,1672
UK,Queen Mary University of London and Barts and The London School of Medicine and Dentistry,505
Canada,Queen’s university,1673
UK,Queen's University Belfast Islamic Society,1674
USA,Queens High School for the Sciences at York College,1675
Canada,Queens University Belfast - IR,31
UK,Queens University Belfast - Ireland,588
Canada,Queens University Belfast - MSA,51
USA,Queens University of Charlotte,1676
USA,Queens University of North Carolina MSA,876
USA,Queensborough,1677
South Africa,QuloobUnNur,383
USA,Rafeek Mohamed,1031
USA,Razján,1323
USA,RCC MSA,709
Ireland,RCSI,1678
Canada,Reach For Change,130
USA,Relay Islam,919
USA,Rensselaer Polytechnic Institute,1679
USA,Rhode Island College,1680
USA,Rice University,1681
USA,Richardson High School MSA,1682
USA,Richland MSA,1324
USA,Rimaya Archery,949
USA,Riseupforsudan,1047
USA,Riverside City College,1683
UK,Robert Gordon University,585
Canada,Robert Thirsk High School MYC,1684
USA,Rochester Institute of Technology MSA,673
Germany,Rouh Berlin,248
USA,Rowan University,723
Ireland,Royal College of Surgeons ISOC,283
UK,Royal Holloway,1686
UK,Royal Veterinary College,1210
Canada,Rozana handmade resin art,1687
UK,Rugby Community,1190
USA,Rutgers Camden,1688
USA,Rutgers MSA,1689
USA,Rutgers New Brunswick MSA,701
USA,Rutgers New Jersey Medical School MSA,733
USA,Rutgers University - Newark,1691
USA,Rutgets University Camden MSA,804
South Africa,Saeeda,452
Germany,SAF,1134
Canada,Safaa’skitchen,143
Canada,Sahal Association,1072
USA,Saint Louis University,957
Canada,Saint Mary’s University Bangladeshi students’ society,162
Canada,Saint Mary's University Palestinian Society,146
USA,Saint Peter’s University,778
Germany,Sakina,1135
USA,Salaam Corner,973
Canada,Salam Masjid - Central Canada Islamic Foundation,127
Germany,Salam Professionals,1136
UK,Sale grammar school ISOC,586
UK,Sale Islamic Society,1694
South Africa,sales rep,445
UK,Sandwell 313th Scouts,1695
Germany,Schwesterntreff der Othman Ibn Affan Moschee,1325
Canada,Seaquam M.S.A,15
Canada,Seaquam Secondary MSA,1696
Malaysia,Sekolah Kebangsaan LKTP Bukit Batu,333
Canada,Seneca MSA,46
USA,Seton Hall MSA,1235
USA,Seton Hill University's Muslim Student Association (MSA),961
UK,Seven kings ISOC,610
UK,Seventures Scout Group & 21st Holborn,1698
Canada,SFU MSA,1699
South Africa,Sha Fabrics,421
Canada,Shawarmapalace,174
UK,Sheffield,1700
UK,Sheffield Hallam University,1326
South Africa,Shoe Buzz,453
USA,Siena College,738
Germany,Silentduty,271
USA,Simmons University,1250
Canada,Simon Fraser University Muslim Student Association,1085
Canada,Sir Winston Churchill High School MYC,1701
Canada,SISTERS CORNER COLLECTIVE,171
Germany,Sisters4Charity,1137
USA,Smith College,1241
USA,SMU MSA,714
USA,Snow College MSA,940
UK,SOAS (School of Oriental and African Studies),525
UK,SOAS University of London,1703
USA,Soflo Fajr Club,1063
UK,Solent Southampton,1704
UK,Solent University,485
Canada,South Asian Association at Trent,1705
UK,South Devon Islamic Organisation,524
Ireland,South Dublin Maktab,308
Ireland,South East Technological University MSAW,298
Canada,Southern Alberta Institute of Tcehnology,157
USA,Southern Connecticut State University Muslim Student Association,1706
USA,Sparta High School,1327
USA,Springfield College,779
South Africa,SPUR BELA BELA,424
South Africa,SPUR ELDO SQUARE,423
USA,St Bonaventure University,827
Canada,St-Laurent school,56
USA,St. Bonaventure University,826
USA,St. Francis College MSA,648
USA,St. George’s university,1027
UK,St. George’s University of London,553
Grenada,"St. George's University, School of Medicine",1709
USA,st. john fisher university,784
USA,St. John's University Muslim Student Association,1710
Canada,St. Marcellinus Secondary School,121
UK,Staffordshire University,626
UK,Staffs Islamic Society,1711
USA,Stanford University,1712
South Africa,stclair_beads,439
South Africa,Stellenbosch University MSA,416
UK,Stepney All Saints School,578
USA,Stone Bridge High School,1713
USA,Stone Bridge MSA,921
USA,Stony Brook University,1714
UK,Strathclyde Muslim Association (SUMSA),1715
Canada,Students for Justice in Palestine,1111
Germany,Students for Palestine Hannover,273
USA,Stuyvesant High School Muslim Student Association,1716
UK,SU Islamic Society,1329
USA,Sudanese Youth Network,868
USA,Suffolk University,1268
South Africa,Sugar Membrane,444
UK,Sunderland Islamic Society,1717
South Africa,Sunni African Ulama Council,1718
USA,SUNY Downstate,699
USA,SUNY Downstate Health Sciences University,1719
USA,SUNY Geneseo,823
USA,SUNY New Paltz,676
USA,SUNY Old Westbury MSA,691
Germany,Supermuslim - Germany,216
Qatar,Supermuslim - Qatar,356
UK,Surrey,1720
Malaysia,SUZA,314
UK,Swansea Mosque,1206
UK,Sweet Jeelees,631
USA,Sweet Like Sim,969
UK,Sweet Perfections,612
South Africa,Swellies Candy,441
USA,Syracuse University MSA,1223
Canada,Syrian Diary in Halifax,44
Canada,Syrian Students’ Association,136
South Africa,T’s for Truth,414
USA,TAMU MSA,702
USA,Taraweeh Chat,1218
UK,Tarbiyah Twins,560
South Africa,tasneembamathcakeface,392
Canada,Tayada Collection,132
USA,TCNJ MSA,1266
USA,TCU MSA,1234
USA,Teachers College Muslim Students Association,909
South Africa,Team Core Volunteer and Community Polokwane,389
USA,Teaneck High School Muslim Student Association,1721
Ireland,Technological University Dublin,1722
Ireland,Technological University Dublin (City Campus) Islamic Society,1723
Ireland,Technological University Dublin Blanchardstown ISOC,289
Ireland,Technological University Dublin City ISOC,297
Ireland,Technological University Dublin Tallaght ISOC,296
USA,Temple MSA,1724
USA,Tennessee State University Muslim Student Association,992
USA,Texas A&M University Muslim Students’ Association,1725
USA,Texas Muslim Bros,1727
USA,Texas Muslimahs,1330
USA,Texas State University MSA,1728
USA,Texas Tech MSA,664
Ireland,The Ali Brothers,303
USA,The Ally Foundation,1331
Canada,The Amal Club,1332
UK,The Ansaar Lancaster,1729
South Africa,The Balloon Foundation,403
UK,The Beauchamp College ISOC,1730
USA,The Bronx High School Of Science 10X445,805
Canada,The Citizens Foundation,110
USA,The G3nerations,1012
USA,The Islamic Seminary of America,1333
UK,The Latymer School,550
UK,The Manchester Grammar School,1731
Canada,The Muslim Students' Association at McGill University,14
Qatar,The Next Generation (TNG) School - Wakra Primary & Secondary Campus,1732
Qatar,The Next Generation Kindergarten and Primary School Ain Khalid,373
Qatar,The Next Generation Primary and Secondary School Al Wakra,367
Qatar,The Next Generation School - Al Daayen,1733
Qatar,The Next Generation School - Nuaija Campus,1734
Qatar,The Next Generation School Al Daayen Campus,369
Qatar,The Next Generation School Al Wakra Campus,372
Qatar,The Next Generation School Al Wakra Secondary campus,1735
Qatar,"The Next Generation School primary and Secondary, Al Wakrah",1736
Qatar,The Next Generation School Wukair Primary,1737
Qatar,The Student Reach,375
USA,The University of Alabama at Birmingham Muslim Students Association,781
USA,The University of Texas at Tyler,1738
USA,TheG3nerations,1739
USA,Timeless Topia,1046
USA,TJ Muslim Student Association,999
USA,TJHSST MSA,1061
USA,TMC USF,1740
Germany,Tolga Bakir - Abnehmcoaching,245
Canada,Tommy Douglas Collegiate MSA,1741
Canada,Toronto Metropolitan University IR,1742
Canada,Toronto Metropolitan University Muslim Students' Association,7
USA,Townsend Harris High School,1743
Canada,Trent Arab Student Association,1744
Canada,Trent Muslim Students Association,1745
Canada,Trent University - IR x MSA x ASA x SAA,93
USA,Trincoll MSA,1746
USA,Trinity College,783
Ireland,Trinity College Dublin MSA,288
Germany,TSG Bonn e.V,266
USA,TTU Muslim Student Association,1334
Ireland,TU Dublin Blanchardstown,1748
USA,Tufts University,1749
USA,Tufts University MSA,1749
USA,Tulane University Muslim Students Association,939
Ireland,Tus isoc midlands,285
USA,TWU Denton MSA,1256
USA,TYWLS Tahmina MSA,998
USA,UAlbany MSA,1750
USA,UC Berkeley MSA,1751
Canada,UCalgary Egyptian Student Association,37
USA,UCB MSA,1054
USA,UCC Islamic society,1752
Ireland,UCC Pakistani Society,295
USA,UCF,1753
USA,UCLA MSA,995
UK,Uclan,1754
USA,UCO Muslim Student Association,1755
USA,UConn Hartford MSA,991
USA,UConn MSA,1756
USA,UConn Storrs,891
USA,UCSB MSA,1244
Qatar,UDST,1757
UK,UEA Pakistan Society,594
USA,UH MSA,806
USA,UHCL MSA,883
USA,UHMSA,1758
South Africa,UKZN Howard College,1759
Qatar,Ulster University - Doha,350
UK,Ulster University - Ireland,632
USA,UMA Hub,1760
Germany,UMA Hub GmbH,230
USA,UMA Hub GmbH,1147
USA,UMass Amherst MSA,1761
USA,UMass Boston MSA,936
USA,UMass Lowell MSA,849
USA,UMKC,740
South Africa,Ummah Heart,462
USA,UNC Charlotte Muslim Student Association,1764
USA,UNC Charlotte Pakistani Student Association,746
USA,UNC Greensboro Muslim Students Association,900
USA,UNC MSA,715
USA,UNC-Charlotte UMR,1765
Canada,Undergraduate Neuroscience Society,1766
USA,Unf MSA,1767
Malaysia,Uni Charity Society,1768
USA,Union College,1769
USA,Union College,764
Malaysia,Unite Squad,326
USA,United Mission for Relief and Development,1770
USA,United Muslim Relief at the University of North Carolina at Charlotte,710
Germany,United Ummah,1335
South Africa,United Youth Alliance,1771
Germany,Unity Stuttgart,1139
Germany,Unitysquad,1336
Canada,Univeristy of Manitoba Muslim Student Association,119
Canada,Universirty of Toronto- Scarborough- Bangladeshi Student's Association (BSA),120
USA,Universiry of Albany MsA,690
Germany,Universität Siegen,250
Canada,Université de Montréal,168
Malaysia,Universiti Malaysia Sarawak,1772
Malaysia,UNIVERSITI SAINS ISLAM MALAYSIA,320
Malaysia,"UNIVERSITI TEKNOLOGI MARA (UiTM), MELAKA",1773
Malaysia,UNIVERSITI TEKNOLOGI MARA CAWANGAN KEDAH,318
USA,Universities of Missouri-Columbia,836
USA,University at Buffalo,1774
UK,University College Birmingham,494
Ireland,University College Cork,1775
Ireland,University College Cork Bangladeshi,294
Ireland,University College Cork ISOC,291
Ireland,University College Dublin,287
UK,University College London,1777
UK,University College London (UCL) Islamic Society,1777
Qatar,University Foundation College - Qatar,1778
UK,University of Aberdeen,1188
USA,University of Alabama in Huntsville,966
Canada,University of Alberta,1779
UK,University of Bath,515
UK,University of Bradford Islamic Society,512
UK,University of Bristol Somali Society,568
Canada,University of British Columbia,1780
Canada,University of British Columbia Islamic Relief,59
UK,University of Buckingham,544
Qatar,University of Calgary in Qatar,1170
USA,University of California San Diego (UCSD),1781
UK,University of Cambridge,1184
USA,University of Central Florida,894
UK,University Of Chester ISOC,633
USA,University of Chicago,1253
USA,University of Cincinnati,754
USA,University of Colorado Denver,695
USA,University of Connecticut - Hartford,1783
USA,University of Dayton,1238
USA,University of Delaware,811
USA,University of Denver MSA,1265
USA,University of Detroit Mercy,1257
Qatar,University of Doha for Science and Technology,361
UK,University of Dundee,470
UK,University of East Anglia,572
UK,University of East London Islamic Society,1784
UK,University of Edinburgh,480
UK,University of Edinburgh Islamic Society,480
UK,University of Essex,1786
UK,University of Exeter,1196
UK,University of Exeter (Penryn),468
Ireland,University of Galway,482
UK,University of Glasgow,482
UK,University of Greenwich,1186
Canada,University of Guelph Muslim Students' Association,131
UK,University of Hertfordshire,1183
USA,University of Houston Clear Lake,1789
UK,University of Hull,1180
USA,University of Illinois Urbana-Champaign MSA,837
USA,University of Iowa,1790
USA,University of Kansas,1337
UK,University of Kent,1191
USA,University of Kentucky,644
UK,University of Leicester,497
UK,University of Leicester Islamic Society,1791
Ireland,University of Limerick,309
UK,University of Lincoln Islamic Society (Lincoln ISOC),538
UK,University of Liverpool,495
USA,University of Louisville,851
UK,University of Manchester ISoc,591
UK,University of Manchester PakSoc,1338
Canada,University of Manitoba Muslim Student Association,1793
USA,University of Maryland - Baltimore County MSA,820
USA,University of Maryland College Park,795
USA,University of Massachusetts lowell,1794
USA,University of Miami,1795
USA,University of Michigan - Ann Arbor,1796
USA,University of Missouri - Kansas City’s (UMKC) Middle Eastern Student Association,1797
USA,University of Missouri - Kansas City’s (UMKC) Pakistani Student Association (PSA),1798
USA,University of Missouri- Saint Louis,955
USA,"University of Nevada, Las Vegas",1799
USA,University of New Haven MSA,1800
USA,University of New Mexico Muslim Student Association,1801
USA,University of North Carolina at Chapel Hill Muslim Students Association,1802
USA,University of North Carolina at Charlotte,707
USA,University of North Texas MSA,1803
UK,University of Northampton,488
USA,University of Oklahoma,1804
USA,University of Oklahoma MSA,954
Canada,University of Ottawa Muslim Student Association,28
Canada,University of Ottawa Muslim Student Association,1081
UK,University of Oxford,1339
USA,University of Pennsylvania,858
USA,University of Pennsylvania Muslim Student Association,1805
USA,University of Pittsburgh,1806
UK,University of Plymouth,476
UK,University of Portsmouth,1807
South Africa,University of Pretoria MSA,1808
Canada,University of Prince Edward Island Muslim Student Association,53
UK,University of Reading,490
Canada,University of Regina Islamic Relief Club,29
Canada,University of Regina MSA,22
USA,University of Rhode Island,694
USA,University of Rochester,814
UK,University of Roehampton,521
Canada,University of Saskatchewan,122
USA,University of South Alabama Muslim Student Association,916
USA,University of South Florida,1809
UK,University of Southampton,510
USA,University of Southern California Muslim Student Union,1810
South Africa,University of Stellenbosch (tygerberg campus),1811
UK,University of Stirling,616
UK,University of Stirling - MENA,1812
UK,University of Strathclyde,504
UK,University of Sunderland,636
UK,University of Surrey,478
Qatar,University of Texas A&M,1813
USA,University of Texas at Arlington,1814
USA,University of texas at el paso,1815
USA,University of Texas Medical Branch,1816
UK,University of the Arts London,537
Canada,University of The Fraser Valley,65
UK,University of the West of Scotland,543
UK,University of the west of scotland,1203
USA,University of Toledo,761
Canada,University of Toronto Mississauga,1074
Canada,University of Toronto Scarborough,1818
Canada,University of Toronto St.George Muslim Students Association,137
USA,University of Utah,1820
USA,University of Virginia,942
UK,University of Warwick,481
Canada,University of Waterloo MSA,141
Canada,University of Western Ontario,1822
UK,University of Winchester - Hendon,535
UK,University of Winchester - London,469
Canada,University of Winnipeg Muslim Students Association,169
USA,University of Wisconsin Madison,1823
USA,University of Wisconsin Milwaukee,1824
UK,University of York,548
USA,Universty of Georgia (UGA),790
USA,UNLV MSA,678
USA,UNM MSA & DUNYA ASSOCIATION,815
USA,UNT MSA,774
UK,Unveristy of the Arts London,1832
UK,Uplands Infant School,1826
UK,Upton Court Grammar School,1827
UK,Urmston Grammar School,601
UK,Urmston Islamic Society,1828
USA,USF SUMA & USF MSA,978
USA,UT Austin MSA,757
USA,UT Austin UMR,731
USA,UT Tyler MSA,753
USA,UTA MSA,908
UK,UTC SERVICES,624
USA,Utsa MSA,901
Canada,UTSC Afghan student association,61
Canada,UTSC MSA - Ajax,1830
Canada,UTSC MSA - Scarborough,1829
Canada,UTSC MSA x IR x TMA x PSA x ASA x PCC,78
Canada,UTSC Pakistani Students' Association,1831
Canada,Uvic,1833
USA,UW-Madison MSA,671
USA,UW-Milwaukee MSA,760
USA,Valley Stream Central High School,787
USA,Valley Stream North Muslim Student Association,767
USA,Valley stream south Highschool,797
USA,Vanderbilt University's Muslim Student Association,922
USA,Vassar College,1834
Canada,Velicham NextGen Junior,177
Germany,Vineta All-Stars,262
USA,Virginia Commonwealth University,646
Qatar,Virginia commonwealth university - Qatar,1890
USA,Virginia commonwealth university - Richmond,1889
Qatar,Virginia Commonwealth University School of the Arts in Qatar,353
USA,Virginia Tech,1835
South Africa,Vitacare kromboom Pharmacy,442
USA,Wagner College MSA,667
USA,Waketech msa,982
Canada,Walter Murray Collegiate MSA,1837
South Africa,Wasalaan Nursery and Preschool,437
USA,Wayne State University MSA,1838
USA,WCSU MSA,935
Qatar,Weill Cornell Medical College Qatar,336
USA,Wellesley College,828
USA,West Chester University of Pennsylvania — Muslim Student Association,1057
UK,West London Peace Project,1340
USA,West Ranch High School Muslim Student Association,794
USA,West Springfield High School,1840
USA,West Virginia University,786
South Africa,Westerford High School,1841
Canada,Western Canada High School MYC,1341
USA,Western Connecticut State University MSA,1842
USA,Western Kentucky University MSA (WKU),861
USA,Western Michigan University MSA,734
USA,Western New England University,1843
USA,Western New England University (MSA),693
Canada,Western University,1844
Canada,Western University IR x MSA x ASA,109
USA,Westfield State University,884
UK,Westminster university,599
Canada,Westmount Charter High School MYC,1846
Pakistan,Whales College,343
Canada,Wilfrid Laurier MSA,82
Canada,"Wilfrid Laurier University, Muslim Students’ Association (Brantford)",159
USA,William and Mary,1847
USA,Williams College,873
UK,Williamwood High School,638
UK,Williamwood High School,638
Canada,Willian Aberhart High School MYC,1848
Canada,Winnipeg Rahma Islamic Centre,152
South Africa,wits lecturer,430
USA,WM MSA,932
South Africa,Women With Purpose,1342
Canada,Womens Thursday Halaqa,139
UK,Woodfarm High school,1849
UK,Woodhouse College,479
South Africa,Woodland's fisheries,434
USA,Woodson High school,1850
USA,Worcester Polytechnic Institute Muslim Student Association (WPI MSA),643
USA,Worcester State University,856
USA,Wright State University,825
USA,WSHS MSA,1852
USA,Wylie High School MSA,980
South Africa,Wynberg Boys’ High School,1854
South Africa,Wynberg Girls High School,412
Canada,Yahia Paintings,1856
USA,Yalla Kafala,1062
Canada,Yemen Art Relief,1857
USA,YM Brighton Beach,1343
USA,YM BROOKLYN BROTHERS,735
USA,YM Carrollton,1858
USA,YM Dallas,905
USA,YM Dallas Sisters,960
USA,YM East Brunswick Sisters,987
USA,YM East Plano,1859
USA,YM Flushing Sisters,810
USA,YM Houston,904
USA,YM Jamaica,1860
USA,YM Kensington Sisters,682
USA,YM metrowest,860
USA,YM Miami,855
USA,YM NEW HYDE PARK SISTERS,1861
USA,YM Piscataway Sisters,917
USA,YM Pompano,1862
USA,YM Richardson,895
USA,YM Roslyn Sisters,1863
USA,YM Sayreville,988
USA,YM Sisters Charlotte,706
USA,YM Sisters New York,1864
USA,YM SoFlo,844
USA,YM west palm,1865
USA,YM Windsor Locks,1866
USA,YM Worcester,862
USA,YMS Pompano,737
USA,YMS South Florida,739
UK,York ISOC,1868
Canada,York University - Glendon Campus,113
Canada,York University Muslim Students Association,1
USA,Young Muslim NJ South Sisters,1068
USA,Young Muslim Sisters of Piscataway,1869
USA,Young Muslima (Houston),1870
USA,Young Muslims - Miami,1892
USA,Young Muslims - New York,1891
USA,Young Muslims (Sisters),1871
USA,Young Muslims Berlin,1872
USA,Young Muslims Dallas,1873
USA,Young Muslims Lowell,863
USA,Young Muslims New Jersey Sisters- South,986
USA,Young Muslims of Carrollton,1874
USA,Young Muslims of East Plano,859
USA,Young Muslims of Frisco,1875
USA,Young Muslims of Irving,1876
USA,Young Muslims of New York,994
USA,Young Muslims of South Florida,1877
USA,Young Muslims of Valley Ranch,1878
USA,Young Muslims Pembroke Pines,867
USA,Young Muslims Pittsburgh,907
USA,Young Muslims Pompano beach Brothers,791
USA,Young Muslims Richardson,1879
USA,Young Muslims SoFlo,1880
USA,Young Muslims Teaneck,777
USA,Young Muslims West Palm Beach,793
Germany,Young Schura e.V.,272
USA,YoungMuslims,1344
Canada,Youth Lifting Youth Calgary,1881
South Africa,Zaytoon Foundation South Africa,427